Top pages,Clicks,Impressions,CTR,Position
https://www.medcover.io/guides/north-macedonia-ivf-guide/,4,239,1.67%,9.61
https://www.medcover.io/clinics/north-macedonia/skopje/master-hair-macedonia-311/,4,75,5.33%,7.12
https://www.medcover.io/costs/portugal-ivf-cost-2026/,3,155,1.94%,9.08
https://www.medcover.io/guides/greece-ivf-guide/,2,148,1.35%,28.04
https://www.medcover.io/guides/lgbtq-fertility-europe-2026/,2,107,1.87%,10.93
https://www.medcover.io/clinics/spain/barcelona/cosmohair-clinic-249/,2,19,10.53%,6.37
https://www.medcover.io/guides/portugal-ivf-guide/,1,340,0.29%,14.49
https://www.medcover.io/costs/spain-ivf-cost-2026/,1,220,0.45%,24.07
https://www.medcover.io/costs/czech-republic-ivf-cost-2026/,1,184,0.54%,16.54
https://www.medcover.io/guides/czech-republic-ivf-guide/,1,97,1.03%,21.02
https://www.medcover.io/compare/barcelona-vs-madrid-ivf/,1,76,1.32%,24.36
https://www.medcover.io/guides/ai-genetic-screening-ivf-2026/,1,65,1.54%,16.89
https://www.medcover.io/guides/spain/valencia-ivf-guide/,1,60,1.67%,8.22
https://www.medcover.io/clinics/spain/barcelona/blivf-clinica-reproduccion-asistida-117/,1,43,2.33%,7.49
https://www.medcover.io/clinics/portugal/lisbon/fertilitycare-portugal-141/,1,36,2.78%,31.14
https://www.medcover.io/clinics/north-macedonia/skopje/vita-s-poliklinika-148/,1,33,3.03%,7.7
https://www.medcover.io/clinics/turkey/ankara/incir-dent-ag-z-ve-dis-sagl-g-merkezi-ankara-k-z-lay-364/,1,31,3.23%,8.55
https://www.medcover.io/clinics/spain/barcelona/clinica-eugin-barcelona-4/,1,27,3.7%,20.67
https://www.medcover.io/clinics/north-macedonia/skopje/newborn-clinic-107/,1,26,3.85%,6.19
https://www.medcover.io/clinics/portugal/lisbon/consultorio-rui-carlos-tavares-bello-282/,1,24,4.17%,7.17
https://www.medcover.io/clinics/north-macedonia/skopje/hospital-acibadem-sistina-152,1,23,4.35%,10.65
https://www.medcover.io/clinics/turkey/istanbul/the-best-dental-clinic-dr-abdurrahman-ozturk-467/,1,20,5%,9.5
https://www.medcover.io/guides/skopje-ivf-guide/,1,15,6.67%,4.27
https://www.medcover.io/clinics/portugal/lisbon/clinica-ivi-doa-doacao-de-ovulos-lisboa-146/,1,14,7.14%,34.36
https://www.medcover.io/clinics/greece/thessaloniki/-54,1,12,8.33%,14.67
https://www.medcover.io/clinics/czech-republic/prague/dr-stefanis-hair-loss-clinical-and-esthetic-dermatology-center-mudr-stefanis-trichologie-alopecie-a-dermatologie-praha-309,1,11,9.09%,6.55
https://www.medcover.io/clinics/spain/valencia/natural-fertility-vidal-center-30,1,9,11.11%,28.56
https://www.medcover.io/clinics/greece/thessaloniki/fertilia-52,1,8,12.5%,7.62
https://www.medcover.io/clinics/czech-republic/prague/petra-clinic-aesthetic-medicine-clinic-295/,1,8,12.5%,9.75
https://www.medcover.io/clinics/spain/alicante/clinica-capilar-alicante-bs-capilar-170/,1,7,14.29%,9.43
https://www.medcover.io/clinics/turkey/ankara/dr-ozgur-oztan-198/,1,6,16.67%,8.33
https://www.medcover.io/clinics/greece/athens/go-fertile-clinic-45,1,3,33.33%,4
https://www.medcover.io/clinics/czech-republic/prague/smile-centrum-vinohrady-553/,1,3,33.33%,5.33
https://www.medcover.io/clinics/czech-republic/prague/mudr-karel-urban-premier-clinic-plasticka-chirurgie-298,1,3,33.33%,10.33
https://www.medcover.io/clinics/north-macedonia/skopje/ultramedika-109,1,2,50%,7
https://www.medcover.io/clinics/spain/alicante/derclinic-clinica-de-dermatologia-tricologia-capilar-y-medicina-estetica-en-alicante-181/,1,2,50%,7
https://www.medcover.io/clinics/spain/alicante/la-boutique-kapilar-by-madame-jules-187,1,1,100%,3
https://www.medcover.io/guides/turkey-ivf-guide/,0,608,0%,16.08
https://www.medcover.io/guides/ivf-single-women-europe-2026/,0,360,0%,9.11
https://www.medcover.io/guides/spain/barcelona-ivf-guide/,0,333,0%,15.36
https://www.medcover.io/cost/hair-restoration-turkey-cost-2026/,0,248,0%,78.6
https://medcover.io/guides/spain-ivf-guide,0,246,0%,42.59
https://www.medcover.io/guides/portugal/lisbon-ivf-guide/,0,187,0%,18.02
https://www.medcover.io/guides/turkey/istanbul-ivf-guide/,0,133,0%,14.29
https://www.medcover.io/clinics/spain/,0,133,0%,62.18
https://www.medcover.io/clinics/north-macedonia/skopje/hospital-acibadem-sistina-152/,0,109,0%,10.35
https://www.medcover.io/costs/turkey-ivf-cost-2026/,0,107,0%,26.88
https://www.medcover.io/costs/greece-ivf-cost-2026/,0,104,0%,12.04
https://www.medcover.io/guides/ivf-abroad-travel-insurance-guide/,0,96,0%,16.61
https://www.medcover.io/guides/czech-republic/brno-ivf-guide/,0,92,0%,7.58
https://www.medcover.io/clinics/spain/valencia/equipo-juana-crespo-clinica-de-reproduccion-asistida-en-valencia-34/,0,85,0%,55.55
https://www.medcover.io/guides/greece/athens-ivf-guide/,0,83,0%,23.69
https://www.medcover.io/clinics/portugal/lisbon/,0,82,0%,56.57
https://www.medcover.io/guides/greece-hair-restoration-guide/,0,77,0%,67.71
https://www.medcover.io/guides/portugal/porto-ivf-guide/,0,72,0%,26
https://www.medcover.io/guides/greece/thessaloniki-ivf-guide/,0,70,0%,8.07
https://www.medcover.io/costs/,0,70,0%,75.07
https://www.medcover.io/clinics/czech-republic/,0,68,0%,55.87
https://medcover.io/,0,64,0%,9.72
https://www.medcover.io/guides/spain/madrid-ivf-guide/,0,61,0%,9.57
https://www.medcover.io/clinics/spain/barcelona/ivf/,0,60,0%,59.07
https://www.medcover.io/cost/portugal-ivf-cost-2026/,0,56,0%,9.39
https://www.medcover.io/clinics/spain/valencia/cc-capilar-clinique-valencia-322/,0,46,0%,20.74
https://www.medcover.io/clinics/greece/thessaloniki/fertilia-52/,0,44,0%,8.43
https://www.medcover.io/compare/lisbon-vs-porto-ivf/,0,44,0%,56.57
https://www.medcover.io/clinics/spain/dental/,0,43,0%,51.67
https://www.medcover.io/guides/fue-vs-dhi-hair-transplant-guide/,0,43,0%,88.98
https://www.medcover.io/countries/portugal/,0,42,0%,59.74
https://www.medcover.io/cost/,0,42,0%,83.14
https://www.medcover.io/clinics/north-macedonia/skopje/ivf-mon-bebe-108/,0,39,0%,5.97
https://www.medcover.io/clinics/spain/barcelona/fertilab-barcelona-118/,0,35,0%,15.54
https://www.medcover.io/guides/solo-ivf-journey-international-patients/,0,35,0%,55.51
https://www.medcover.io/clinics/greece/athens/fertility-design-46/,0,32,0%,10.25
https://www.medcover.io/clinics/north-macedonia/skopje/dental-clinic-dentin-573/,0,30,0%,7.1
https://www.medcover.io/clinics/portugal/lisbon/atlantic-dental-center-473/,0,30,0%,12.03
https://www.medcover.io/clinics/north-macedonia/skopje/zan-mitrev-clinic-134/,0,29,0%,8.45
https://www.medcover.io/clinics/north-macedonia/skopje/fertty-clinic-133/,0,29,0%,10.41
https://www.medcover.io/clinics/portugal/lisbon/dental-light-lisboa-486/,0,27,0%,8.15
https://www.medcover.io/clinics/north-macedonia/skopje/master-hair-macedonia-311,0,26,0%,7.15
https://www.medcover.io/clinics/spain/alicante/,0,26,0%,63
https://www.medcover.io/clinics/czech-republic/prague/ivf/,0,26,0%,72.08
https://www.medcover.io/clinics/north-macedonia/skopje/orthodontic-clinic-dr-milos-janackovic-565/,0,25,0%,3.96
https://www.medcover.io/guides/ivf-after-45-guide-2026/,0,25,0%,13.36
https://www.medcover.io/guides/ivf-lifestyle-pre-treatment-plan/,0,24,0%,8.96
https://www.medcover.io/clinics/turkey/istanbul/best-ivf-clinics-in-turkey-76,0,24,0%,44.17
https://www.medcover.io/cost/hair-restoration-spain-cost-2026/,0,24,0%,52.83
https://www.medcover.io/clinics/greece/athens/hair-restoration/,0,24,0%,69.62
https://www.medcover.io/clinics/czech-republic/prague/dr-stefanis-hair-loss-clinical-and-esthetic-dermatology-center-mudr-stefanis-trichologie-alopecie-a-dermatologie-praha-309/,0,23,0%,6.35
https://www.medcover.io/clinics/greece/thessaloniki/iakentro-ivf-53/,0,23,0%,9.87
https://www.medcover.io/countries/,0,23,0%,42.87
https://www.medcover.io/clinics/portugal/lisbon/dra-natalia-machado-botox-em-lisboa-281/,0,22,0%,3.18
https://www.medcover.io/clinics/spain/barcelona/clinica-capil-lar-a-barcelona-trasplantament-o-ingert-instituto-del-pelo-institut-catala-de-tricologia-231/,0,22,0%,7.32
https://www.medcover.io/guides/spain-hair-restoration-guide/,0,22,0%,74.55
https://www.medcover.io/clinics/north-macedonia/skopje/vfv-clinic-149/,0,21,0%,7.38
https://www.medcover.io/clinics/spain/barcelona/ginefiv-barcelona-una-clinica-de-ginemed-reproduccion-asistida-fertilidad-fecundacion-in-vitro-inseminacion-artificial-115/,0,21,0%,9.81
https://www.medcover.io/clinics/spain/barcelona/reproduccion-asistida-dra-janisse-ferreri-119,0,20,0%,4.05
https://www.medcover.io/clinics/turkey/ankara/doc-dr-harun-egemen-tolunay-detayl-ultrason-ayr-nt-l-ultrason-jinekolog-kad-n-dogum-uzman-ankara-91/,0,20,0%,9.3
https://www.medcover.io/clinics/czech-republic/prague/perfect-clinic-291/,0,20,0%,11.8
https://www.medcover.io/clinics/czech-republic/prague/prague-center-57,0,20,0%,58
https://www.medcover.io/clinics/spain/valencia/dra-laura-caicedo-the-hair-clinic-valencia-313/,0,19,0%,4.63
https://www.medcover.io/clinics/north-macedonia/skopje/karakamchev-dental-center-564/,0,19,0%,6.84
https://www.medcover.io/compare/istanbul-vs-ankara-ivf/,0,19,0%,31.16
https://www.medcover.io/guides/spain-ivf-guide/,0,19,0%,50.42
https://www.medcover.io/guides/prague-ivf-guide,0,18,0%,7.33
https://www.medcover.io/clinics/greece/thessaloniki/ivf-dr-49/,0,18,0%,9.61
https://www.medcover.io/guides/from/uk/hair-restoration-abroad/,0,18,0%,26.5
https://www.medcover.io/guides/advanced-maternal-age-clinic-questions/,0,18,0%,33.83
https://www.medcover.io/clinics/czech-republic/prague/plastic-surgery-clinic-esthe-296/,0,17,0%,8.24
https://www.medcover.io/clinics/portugal/hair-restoration/,0,17,0%,12
https://www.medcover.io/countries/greece/,0,17,0%,61.35
https://www.medcover.io/clinics/north-macedonia/skopje/vita-s-poliklinika-148,0,16,0%,5.12
https://www.medcover.io/clinics/north-macedonia/skopje/dental-prestige-576/,0,16,0%,7
https://www.medcover.io/clinics/spain/valencia/hifu-clinics-valencia-317/,0,16,0%,9.25
https://www.medcover.io/compare/prague-vs-brno-ivf/,0,16,0%,10.44
https://www.medcover.io/clinics/greece/,0,16,0%,69.44
https://www.medcover.io/treatments/ivf/,0,16,0%,76.94
https://www.medcover.io/clinics/greece/thessaloniki/-54/,0,15,0%,9.2
https://www.medcover.io/clinics/portugal/lisbon/myface-clinic-lisboa-cirurgia-plastica-e-estetica-272,0,15,0%,9.53
https://www.medcover.io/clinics/portugal/lisbon/clinica-ivi-doa-doacao-de-ovulos-lisboa-146,0,15,0%,18.8
https://www.medcover.io/clinics/portugal/lisbon/ivf/,0,15,0%,70
https://www.medcover.io/clinics/north-macedonia/skopje/dr-stankov-dental-clinic-574/,0,14,0%,6.57
https://www.medcover.io/clinics/spain/alicante/bela-salud-y-belleza-180/,0,14,0%,8.64
https://www.medcover.io/clinics/greece/thessaloniki/fertility-i-v-f-center-ltd-67/,0,14,0%,17.43
https://www.medcover.io/clinics/spain/valencia/crea-centro-medico-de-fertilidad-y-reproduccion-asistida-35/,0,14,0%,23.64
https://www.medcover.io/clinics/spain/ivf/,0,14,0%,55.14
https://www.medcover.io/clinics/turkey/ankara/,0,13,0%,7.92
https://www.medcover.io/clinics/north-macedonia/skopje/vfv-clinic-149,0,13,0%,8.85
https://www.medcover.io/clinics/portugal/lisbon/cm2c-hair-clinic-lisboa-278/,0,13,0%,10.69
https://www.medcover.io/clinics/greece/thessaloniki/dentalhouse-590/,0,13,0%,12.23
https://www.medcover.io/clinics/greece/hair-restoration/,0,13,0%,48.08
https://www.medcover.io/clinics/portugal/lisbon/dra-natalia-machado-botox-em-lisboa-281,0,12,0%,3.42
https://medcover.io/clinics/greece/thessaloniki/the-smile-design-clinic-586/,0,12,0%,4.75
https://www.medcover.io/clinics/portugal/lisbon/hm-clinic-dr-henrique-machado-medicina-e-transplantes-capilares-269/,0,12,0%,5.58
https://www.medcover.io/clinics/north-macedonia/skopje/dental-aesthetic-solutions-dr-vesna-570/,0,12,0%,6.25
https://www.medcover.io/clinics/portugal/lisbon/master-group-hair-transplant-280/,0,12,0%,7.83
https://www.medcover.io/clinics/portugal/lisbon/insparya-clinica-saude-capilar-lisboa-276,0,12,0%,7.92
https://www.medcover.io/clinics/portugal/lisbon/clinica-acqua-health-care-286/,0,12,0%,8.67
https://www.medcover.io/clinics/turkey/ankara/ozel-phr-poliklinigi-207/,0,12,0%,9
https://www.medcover.io/clinics/portugal/porto/estudio-oral-medicina-dentaria-536/,0,12,0%,9.83
https://www.medcover.io/clinics/greece/athens/ivf/,0,12,0%,73.92
https://www.medcover.io/clinics/spain/madrid/dr-serkan-aygin-oficina-de-informacion-153/,0,11,0%,4.36
https://www.medcover.io/clinics/north-macedonia/skopje/de-clinic-571/,0,11,0%,5.82
https://www.medcover.io/clinics/portugal/lisbon/the-lisbon-smile-clinic-479/,0,11,0%,6.27
https://www.medcover.io/clinics/north-macedonia/skopje/hospital-re-medika-151/,0,11,0%,6.73
https://www.medcover.io/clinics/czech-republic/prague/premier-clinic-290,0,11,0%,7.27
https://www.medcover.io/clinics/portugal/lisbon/clinica-mint-clinica-dentaria-lisboa-485/,0,11,0%,10.55
https://www.medcover.io/clinics/spain/barcelona/ivi-barcelona-clinica-de-reproduccion-asistida-y-fertilidad-6/,0,11,0%,12.18
https://www.medcover.io/clinics/turkey/ankara/gurgan-clinic-women-s-health-and-ivf-center-ankara-92,0,11,0%,13.91
https://www.medcover.io/clinics/czech-republic/brno/,0,11,0%,19.45
https://www.medcover.io/clinics/spain/madrid/ivi-madrid-clinica-de-reproduccion-asistida-y-fertilidad-13/,0,11,0%,23.64
https://www.medcover.io/clinics/spain/barcelona/hair-restoration/,0,11,0%,52.73
https://www.medcover.io/clinics/portugal/porto/dental-clinic-santa-catarina-522/,0,10,0%,3.7
https://www.medcover.io/clinics/turkey/istanbul/laviva-clinic-smile-dental-trip-in-istanbul-462/,0,10,0%,3.8
https://www.medcover.io/clinics/greece/athens/fertility-design-46,0,10,0%,4.9
https://www.medcover.io/cities/,0,10,0%,6.2
https://www.medcover.io/compare/,0,10,0%,6.2
https://www.medcover.io/clinics/portugal/lisbon/ginetricia-sociedade-de-servicos-medicos-lda-145/,0,10,0%,6.3
https://www.medcover.io/clinics/north-macedonia/skopje/dijagnosticki-centar-150/,0,10,0%,7.4
https://www.medcover.io/clinics/portugal/lisbon/mallia-clinic-hair-company-285/,0,10,0%,7.8
https://www.medcover.io/clinics/spain/alicante/ferrobelab-centro-de-reproduccion-asistida-111/,0,10,0%,7.9
https://www.medcover.io/clinics/greece/athens/lp-clinic-222,0,10,0%,8.2
https://www.medcover.io/clinics/turkey/ankara/pamir-dent-clinic-369/,0,10,0%,9.1
https://www.medcover.io/clinics/czech-republic/prague/pronatal-sanatorium-66,0,10,0%,9.4
https://www.medcover.io/clinics/spain/barcelona/,0,10,0%,14.2
https://www.medcover.io/cost/hair-restoration-greece-cost-2026/,0,10,0%,15.5
https://www.medcover.io/clinics/portugal/lisbon/ava-clinic-lisbon-94,0,10,0%,17.4
https://www.medcover.io/clinics/turkey/ankara/sac-ekim-merkezi-bugra-erdal-hastane-sac-ekimi-ankara-sac-ekimi-prp-mezoterapi-191/,0,10,0%,17.5
https://www.medcover.io/cities/greece/athens/,0,10,0%,30.6
https://www.medcover.io/clinics/portugal/porto/,0,10,0%,36.6
https://www.medcover.io/clinics/turkey/ankara/civas-akp-nar-hair-transplant-center-turkey-202/,0,10,0%,43.5
https://www.medcover.io/clinics/spain/alicante/hair-restoration/,0,10,0%,86.3
https://www.medcover.io/clinics/spain/alicante/dentelier-clinica-dental-especializada-en-odontologia-358/,0,9,0%,2.11
https://www.medcover.io/clinics/czech-republic/prague/sds-smile-design-studio-552/,0,9,0%,4.78
https://www.medcover.io/clinics/spain/barcelona/blivf-clinica-reproduccion-asistida-117,0,9,0%,5.44
https://www.medcover.io/clinics/spain/barcelona/reproclinic-3/,0,9,0%,5.67
https://www.medcover.io/clinics/north-macedonia/skopje/dental-clinic-margita-smileva-561/,0,9,0%,6
https://www.medcover.io/clinics/portugal/lisbon/wecare4you-clinic-275/,0,9,0%,6
https://www.medcover.io/clinics/north-macedonia/skopje/university-dental-clinical-center-prof-d-r-bojo-andreski-566/,0,9,0%,7.11
https://www.medcover.io/clinics/spain/barcelona/cra-barcelona-17/,0,9,0%,7.56
https://www.medcover.io/clinics/spain/barcelona/ivi-dona-donar-ovulos-barcelona-114/,0,9,0%,8
https://www.medcover.io/clinics/portugal/lisbon/ivi-lisboa-clinic-93,0,9,0%,14.89
https://www.medcover.io/clinics/spain/alicante/gutierrez-clinic-clinica-de-medicina-estetica-en-alicante-175/,0,9,0%,16.67
https://www.medcover.io/clinics/spain/madrid/clinica-dental-atocha-ortodoncia-e-implantes-dentales-madrid-507/,0,9,0%,26.56
https://www.medcover.io/clinics/portugal/porto/cim-centro-de-inovacao-medica-106/,0,9,0%,29.33
https://www.medcover.io/clinics/turkey/istanbul/citydent-istanbul-dental-clinic-458/,0,9,0%,29.33
https://www.medcover.io/clinics/spain/barcelona/natuvitro-116,0,9,0%,34.56
https://www.medcover.io/countries/portugal/lisbon/,0,9,0%,71.22
https://www.medcover.io/clinics/portugal/,0,9,0%,72.11
https://www.medcover.io/clinics/portugal/porto/alinea-premium-oral-care-porto-525/,0,8,0%,4
https://www.medcover.io/clinics/turkey/istanbul/fertiliv-ivf-center-77/,0,8,0%,5.25
https://www.medcover.io/clinics/spain/alicante/zenit-clinic-clinica-dental-355/,0,8,0%,5.62
https://www.medcover.io/clinics/portugal/lisbon/alegria-medical-centre-136/,0,8,0%,5.75
https://www.medcover.io/clinics/portugal/porto/carreira-dental-clinic-porto-520/,0,8,0%,6.12
https://www.medcover.io/clinics/portugal/lisbon/ginetricia-sociedade-de-servicos-medicos-lda-145,0,8,0%,6.88
https://www.medcover.io/clinics/greece/thessaloniki/tooth-implant-602/,0,8,0%,7.75
https://www.medcover.io/clinics/greece/thessaloniki/smilea-dental-studio-dr-petridis-dr-petridou-592/,0,8,0%,8.25
https://www.medcover.io/clinics/portugal/lisbon/clinica-lhr-dr-augusto-guerreiro-268/,0,8,0%,8.25
https://www.medcover.io/guides/thessaloniki-ivf-guide/,0,8,0%,8.62
https://www.medcover.io/clinics/czech-republic/prague/transplantace-vlasu-v-turecku-newhair-302/,0,8,0%,8.75
https://www.medcover.io/clinics/portugal/lisbon/clinica-lhr-dr-augusto-guerreiro-268,0,8,0%,9.5
https://www.medcover.io/clinics/portugal/lisbon/insparya-clinica-saude-capilar-lisboa-276/,0,8,0%,10.38
https://www.medcover.io/guides/ivf-add-on-treatments-guide/,0,8,0%,12.62
https://www.medcover.io/clinics/portugal/lisbon/ava-clinic-lisbon-94/,0,8,0%,15.38
https://www.medcover.io/clinics/spain/valencia/svenson-clinica-capilar-en-valencia-320/,0,8,0%,18.38
https://www.medcover.io/clinics/spain/barcelona/ginefiv-barcelona-una-clinica-de-ginemed-reproduccion-asistida-fertilidad-fecundacion-in-vitro-inseminacion-artificial-115,0,8,0%,18.62
https://www.medcover.io/clinics/spain/barcelona/ivi-dona-donar-ovulos-barcelona-114,0,8,0%,21.75
https://www.medcover.io/guides/ivf-vs-natural-conception-40-plus/,0,8,0%,22.75
https://www.medcover.io/clinics/portugal/porto/ceti-clinica-de-fertilidade-97/,0,8,0%,24.38
https://www.medcover.io/clinics/czech-republic/prague/gennet-center-of-medical-genetics-and-reproductive-medicine-65/,0,8,0%,24.5
https://www.medcover.io/clinics/czech-republic/hair-restoration/,0,8,0%,27.12
https://www.medcover.io/clinics/spain/madrid/clinica-tambre-madrid-clinica-de-fertilidad-y-reproduccion-asistida-en-madrid-10,0,8,0%,32.25
https://www.medcover.io/clinics/greece/ivf/,0,8,0%,35.25
https://www.medcover.io/clinics/turkey/istanbul/ivf-treatment-in-turkey-ivf-turkey-79/,0,8,0%,39.62
https://www.medcover.io/clinics/turkey/istanbul/hair-of-istanbul-hair-transplant-clinic-163,0,8,0%,45.25
https://www.medcover.io/clinics/turkey/istanbul/istanbul-dental-center-461,0,8,0%,65.62
https://www.medcover.io/clinics/spain/hair-restoration/,0,8,0%,75
https://www.medcover.io/clinics/spain/barcelona/wunderbar-hair-clinic-trasplante-capilar-barcelona-248/,0,7,0%,3.86
https://www.medcover.io/clinics/portugal/lisbon/consultorio-rui-carlos-tavares-bello-282,0,7,0%,4.29
https://www.medcover.io/clinics/spain/barcelona/clinica-eva-fertilidad-y-reproduccion-asistida-120,0,7,0%,5
https://www.medcover.io/clinics/spain/barcelona/reproduccion-asistida-dra-janisse-ferreri-119/,0,7,0%,5.14
https://www.medcover.io/clinics/greece/thessaloniki/embryoclinic-ivf-greece-47/,0,7,0%,6.14
https://www.medcover.io/clinics/north-macedonia/skopje/-572/,0,7,0%,6.43
https://www.medcover.io/clinics/spain/madrid/dental-clinic-puerta-de-alcala-496/,0,7,0%,6.86
https://www.medcover.io/clinics/czech-republic/prague/petra-clinic-aesthetic-medicine-clinic-295,0,7,0%,7
https://www.medcover.io/clinics/czech-republic/brno/transplantace-vlasu-v-italii-klinika-aramedica-264,0,7,0%,7.14
https://www.medcover.io/clinics/czech-republic/prague/klinika-ghc-292/,0,7,0%,7.29
https://www.medcover.io/clinics/greece/thessaloniki/polichroniadou-ioanna-dental-studio-585/,0,7,0%,7.43
https://www.medcover.io/clinics/north-macedonia/hair-restoration/,0,7,0%,7.57
https://www.medcover.io/clinics/spain/valencia/clinica-magnasalud-326/,0,7,0%,8
https://www.medcover.io/clinics/portugal/lisbon/clinica-attica-lisboa-273/,0,7,0%,8.14
https://www.medcover.io/clinics/spain/madrid/love-fertility-clinic-8,0,7,0%,8.14
https://www.medcover.io/clinics/portugal/porto/ginemed-porto-clinica-de-fertilidade-reproducao-medicamente-assistida-99,0,7,0%,8.57
https://www.medcover.io/clinics/greece/thessaloniki/smilea-dental-studio-dr-petridis-dr-petridou-592,0,7,0%,9.29
https://www.medcover.io/clinics/czech-republic/brno/v-clinic-klinika-plasticke-esteticke-chirurgie-dermatologie-254,0,7,0%,9.57
https://www.medcover.io/clinics/portugal/lisbon/iera-lisboa-95/,0,7,0%,10.29
https://www.medcover.io/compare/athens-vs-thessaloniki-ivf/,0,7,0%,10.71
https://www.medcover.io/clinics/spain/alicante/mater-clinic-alicante-24/,0,7,0%,13
https://www.medcover.io/clinics/portugal/porto/clinica-de-nossa-senhora-do-bom-sucesso-centro-de-estudos-de-infertilidade-e-esterilidade-lda-105/,0,7,0%,15.57
https://www.medcover.io/clinics/czech-republic/prague/ferticare-clinics-prague-61/,0,7,0%,19.14
https://www.medcover.io/clinics/spain/madrid/ivf-spain-madrid-7/,0,7,0%,22.71
https://www.medcover.io/clinics/czech-republic/prague/gennet-center-of-medical-genetics-and-reproductive-medicine-65,0,7,0%,33.14
https://www.medcover.io/clinics/czech-republic/prague/prague-center-57/,0,7,0%,59.14
https://www.medcover.io/clinics/greece/athens/athens-dental-care-392/,0,6,0%,1.5
https://www.medcover.io/clinics/greece/thessaloniki/inclusive-smiles-589,0,6,0%,2.33
https://www.medcover.io/clinics/greece/athens/houdalaki-maria-co-e-e-medi-lands-proionta-omorfias-219,0,6,0%,3
https://www.medcover.io/clinics/spain/alicante/clinica-dental-maria-androu-334/,0,6,0%,3
https://www.medcover.io/clinics/portugal/porto/cporto-clinic-526/,0,6,0%,4.33
https://www.medcover.io/clinics/spain/madrid/dr-serkan-aygin-oficina-de-informacion-153,0,6,0%,4.33
https://www.medcover.io/clinics/czech-republic/brno/l-art-gynecology-laboratory-assisted-reproductive-techniques-fertility-center-132,0,6,0%,4.83
https://www.medcover.io/clinics/spain/barcelona/trasplante-capilar-turquia-global-health-hair-in-istanbul-246,0,6,0%,5
https://www.medcover.io/clinics/north-macedonia/,0,6,0%,5.67
https://www.medcover.io/clinics/spain/barcelona/remind-hair-tricologo-barcelona-245,0,6,0%,6
https://www.medcover.io/clinics/czech-republic/prague/omni-dent-clinic-s-r-o-551/,0,6,0%,6.17
https://www.medcover.io/clinics/czech-republic/prague/mudr-karel-urban-premier-clinic-plasticka-chirurgie-298/,0,6,0%,6.5
https://www.medcover.io/clinics/north-macedonia/skopje/ultramedika-109/,0,6,0%,6.5
https://www.medcover.io/clinics/portugal/porto/cpma-centro-de-procriacao-medicamente-assistida-lda-102/,0,6,0%,6.67
https://www.medcover.io/clinics/north-macedonia/skopje/premium-dent-d-r-ilija-videski-578/,0,6,0%,7
https://www.medcover.io/clinics/spain/valencia/clinica-magnasalud-326,0,6,0%,7.33
https://www.medcover.io/clinics/turkey/ankara/ulus-mod-dental-clinic-368/,0,6,0%,7.33
https://www.medcover.io/clinics/spain/barcelona/cosmohair-clinic-249,0,6,0%,7.67
https://www.medcover.io/clinics/spain/alicante/clinica-tambre-20/,0,6,0%,8.33
https://www.medcover.io/clinics/spain/barcelona/hti-clinic-clinica-capilar-en-barcelona-236/,0,6,0%,8.33
https://www.medcover.io/clinics/turkey/ankara,0,6,0%,8.33
https://www.medcover.io/clinics/czech-republic/brno/v-clinic-klinika-plasticke-esteticke-chirurgie-dermatologie-254/,0,6,0%,8.83
https://www.medcover.io/clinics/greece/thessaloniki/polichroniadou-ioanna-dental-studio-585,0,6,0%,8.83
https://www.medcover.io/clinics/portugal/lisbon/cdl-dental-clinic-lisbon-474/,0,6,0%,9
https://www.medcover.io/clinics/spain/barcelona/om-clinica-dental-dentistas-especializados-en-implantes-ortodoncia-y-carillas-en-barcelona-428/,0,6,0%,9
https://www.medcover.io/clinics/portugal/lisbon/clinica-attica-lisboa-273,0,6,0%,9.33
https://www.medcover.io/clinics/north-macedonia/skopje/fertty-clinic-133,0,6,0%,10.5
https://www.medcover.io/clinics/portugal/porto/clinica-dentaria-jorge-moura-531,0,6,0%,10.5
https://www.medcover.io/clinics/spain/madrid/we-dental-clinic-499/,0,6,0%,11.83
https://www.medcover.io/clinics/portugal/lisbon/cm2c-hair-clinic-lisboa-278,0,6,0%,13.17
https://www.medcover.io/clinics/turkey/ankara/data-hair-clinic-eyyup-tutuncu-sac-ekim-merkezi-204/,0,6,0%,13.67
https://www.medcover.io/clinics/czech-republic/brno/sanatorium-helios-121,0,6,0%,14.83
https://www.medcover.io/clinics/spain/barcelona/clinica-odontologica-avancada-412/,0,6,0%,20.83
https://www.medcover.io/clinics/portugal/porto/genetics-of-reproduction-center-101/,0,6,0%,31.83
https://www.medcover.io/clinics/greece/athens/life-clinic-athens-44,0,6,0%,32.83
https://www.medcover.io/clinics/spain/alicante/ivf/,0,6,0%,38.17
https://www.medcover.io/countries/czech-republic/,0,6,0%,49.17
https://www.medcover.io/clinics/portugal/ivf/,0,6,0%,56
https://www.medcover.io/clinics/spain/madrid/neoimplant-clinic-madrid-500/,0,5,0%,2.2
https://www.medcover.io/clinics/portugal/lisbon/glow-up-clinic-283/,0,5,0%,2.8
https://www.medcover.io/clinics/czech-republic/prague/elysee-dental-clinique-543/,0,5,0%,3.6
https://www.medcover.io/clinics/greece/athens/dental-pro-clinic-athens-393/,0,5,0%,3.8
https://www.medcover.io/clinics/spain/valencia/centro-medico-capilar-clinica-devesa-319/,0,5,0%,5
https://www.medcover.io/clinics/greece/athens/-399/,0,5,0%,5.2
https://www.medcover.io/clinics/portugal/lisbon/myface-clinic-lisboa-cirurgia-plastica-e-estetica-272/,0,5,0%,5.6
https://www.medcover.io/clinics/greece/thessaloniki/endo-dental-centre-596,0,5,0%,5.8
https://www.medcover.io/clinics/greece/thessaloniki/the-smile-design-clinic-586/,0,5,0%,6
https://www.medcover.io/clinics/north-macedonia/skopje/101-hair-clinic-310/,0,5,0%,6
https://www.medcover.io/clinics/spain/valencia/dra-laura-caicedo-the-hair-clinic-valencia-313,0,5,0%,6.2
https://www.medcover.io/clinics/turkey/ankara/sac-ekim-merkezi-bugra-erdal-hastane-sac-ekimi-ankara-sac-ekimi-prp-mezoterapi-191,0,5,0%,6.2
https://www.medcover.io/clinics/czech-republic/prague/biodent-dental-implantation-555/,0,5,0%,6.4
https://www.medcover.io/clinics/portugal/lisbon/ivi-lisboa-clinic-93/,0,5,0%,7
https://www.medcover.io/guides/istanbul-ivf-guide/,0,5,0%,7
https://www.medcover.io/clinics/portugal/lisbon/santa-madalena-dental-clinic-484/,0,5,0%,7.2
https://www.medcover.io/clinics/greece/athens/dental-opsis-clinic-384/,0,5,0%,7.4
https://www.medcover.io/clinics/greece/thessaloniki/periodontist-implants-605/,0,5,0%,7.4
https://www.medcover.io/clinics/north-macedonia/skopje/dental-implant-aesthetic-solutions-583/,0,5,0%,7.4
https://www.medcover.io/clinics/turkey/?page=2,0,5,0%,7.4
https://www.medcover.io/clinics/greece/thessaloniki/fertility-clinic-51/,0,5,0%,8
https://www.medcover.io/clinics/spain/alicante/mater-clinic-alicante-24,0,5,0%,8.2
https://www.medcover.io/clinics/czech-republic/prague/magic-smile-karlovo-namesti-542/,0,5,0%,8.4
https://www.medcover.io/clinics/spain/barcelona/noan-clinic-243/,0,5,0%,8.4
https://www.medcover.io/clinics/portugal/lisbon/mallia-clinic-hair-company-285,0,5,0%,8.6
https://www.medcover.io/clinics/north-macedonia/skopje/dijagnosticki-centar-150,0,5,0%,9.2
https://www.medcover.io/clinics/greece/athens/dhi-213,0,5,0%,9.6
https://www.medcover.io/clinics/spain/valencia/ivi-valencia-clinica-de-reproduccion-asistida-y-fertilidad-27/,0,5,0%,9.6
https://www.medcover.io/clinics/greece/athens/hair-of-greece-225,0,5,0%,9.8
https://www.medcover.io/clinics/turkey/ankara/dizayn-dental-k-z-lay-dis-doktoru-ankara-acil-dis-doktoru-360/,0,5,0%,10
https://www.medcover.io/clinics/spain/valencia/capilar-mn-328/,0,5,0%,10.4
https://www.medcover.io/clinics/portugal/porto/clinica-dentaria-jorge-moura-531/,0,5,0%,10.8
https://www.medcover.io/clinics/spain/alicante/medical-hair-benidorm-clinica-capilar-184/,0,5,0%,11.6
https://www.medcover.io/clinics/spain/valencia/ivade-agrupacion-clinica-327/,0,5,0%,15.4
https://www.medcover.io/clinics/spain/alicante/life-fertility-care-25/,0,5,0%,17
https://www.medcover.io/clinics/portugal/lisbon/institute-of-implantology-490/,0,5,0%,19
https://www.medcover.io/clinics/turkey/ankara/dr-keser-s-hairtransplantation-clinic-200/,0,5,0%,19.2
https://www.medcover.io/clinics/czech-republic/prague/gennet-prague-1-64/,0,5,0%,20
https://www.medcover.io/guides/barcelona-ivf-guide,0,5,0%,22.4
https://www.medcover.io/clinics/spain/barcelona/institut-marques-barcelona-clinica-de-reproduccio-assistida-5/,0,5,0%,22.6
https://www.medcover.io/clinics/spain/valencia/clinica-dental-primitivo-roig-dentist-in-valencia-612/,0,5,0%,24.8
https://www.medcover.io/clinics/spain/valencia/hifu-clinics-valencia-317,0,5,0%,25.4
https://www.medcover.io/clinics/czech-republic/brno/reprofit-international-brno-69/,0,5,0%,26.4
https://www.medcover.io/clinics/turkey/istanbul/hair-of-istanbul-hair-transplant-clinic-163/,0,5,0%,37.8
https://www.medcover.io/clinics/portugal/porto/cim-centro-de-inovacao-medica-106,0,5,0%,40.8
https://www.medcover.io/clinics/czech-republic/ivf/,0,5,0%,41
https://www.medcover.io/clinics/turkey/ankara/civas-akp-nar-hair-transplant-center-turkey-202,0,5,0%,43.8
https://www.medcover.io/clinics/czech-republic/brno/ivf/,0,5,0%,45.6
https://www.medcover.io/clinics/czech-republic/brno/klinika-reprodukcni-mediciny-a-gynekologie-reprofit-124,0,5,0%,47.6
https://www.medcover.io/clinics/greece,0,5,0%,82.6
https://www.medcover.io/clinics/spain/valencia/clinica-dental-alonso-stuyck-611/,0,4,0%,2
https://www.medcover.io/clinics/spain/alicante/micropigmentacion-capilar-toni-stroke-alicante-182,0,4,0%,2.5
https://www.medcover.io/,0,4,0%,2.75
https://www.medcover.io/countries/czech-republic/brno/,0,4,0%,3
https://www.medcover.io/clinics/greece/athens/hair-clinic-216/,0,4,0%,4.5
https://www.medcover.io/clinics/czech-republic/prague/belgravia-dental-clinic-540/,0,4,0%,4.75
https://www.medcover.io/clinics/greece/athens/advanced-hair-clinics-218,0,4,0%,4.75
https://www.medcover.io/clinics/czech-republic/brno/gynfit-127/,0,4,0%,5
https://www.medcover.io/clinics/greece/athens/houdalaki-maria-co-e-e-medi-lands-proionta-omorfias-219/,0,4,0%,5.5
https://www.medcover.io/clinics/greece/thessaloniki/polyzos-dental-clinic-606,0,4,0%,5.75
https://www.medcover.io/clinics/portugal/porto/ceti-clinica-de-fertilidade-97,0,4,0%,6
https://www.medcover.io/clinics/spain/alicante/germain-clinic-178,0,4,0%,6.25
https://www.medcover.io/clinics/czech-republic/prague/prague-dental-clinic-539/,0,4,0%,6.5
https://www.medcover.io/clinics/czech-republic/brno/perfect-plastic-surgery-clinic-brno-259/,0,4,0%,6.75
https://www.medcover.io/clinics/greece/thessaloniki/fertility-i-v-f-center-ltd-67,0,4,0%,6.75
https://www.medcover.io/clinics/spain/valencia/hair-be-dr-de-felipe-injerto-capilar-316/,0,4,0%,6.75
https://www.medcover.io/clinics/greece/thessaloniki/biodent-konstantopoulos-oral-surgery-and-aesthetic-dental-clinic-thessaloniki-601/,0,4,0%,7
https://www.medcover.io/clinics/portugal/lisbon/master-group-hair-transplant-280,0,4,0%,7
https://www.medcover.io/clinics/portugal/porto/cpma-centro-de-procriacao-medicamente-assistida-lda-102,0,4,0%,7.25
https://www.medcover.io/clinics/czech-republic/brno/cviceni-s-detmi-v-satku-ci-nositku-dle-anny-kohutove-128,0,4,0%,7.5
https://www.medcover.io/clinics/czech-republic/brno/perfect-plastic-surgery-clinic-brno-259,0,4,0%,7.5
https://www.medcover.io/clinics/portugal/porto/clinica-medica-do-porto-103/,0,4,0%,7.5
https://www.medcover.io/clinics/spain/alicante/clinica-eva-fertilidad-y-reproduccion-asistida-23,0,4,0%,7.5
https://www.medcover.io/clinics/spain/barcelona/implantarex-clinica-de-implantes-dentales-en-barcelona-427/,0,4,0%,7.5
https://www.medcover.io/clinics/czech-republic/prague/stomatologicka-klinika-laila-544/,0,4,0%,7.75
https://www.medcover.io/clinics/portugal/lisbon/hm-clinic-dr-henrique-machado-medicina-e-transplantes-capilares-269,0,4,0%,8
https://www.medcover.io/clinics/czech-republic/prague/plastic-surgery-clinic-esthe-296,0,4,0%,8.25
https://www.medcover.io/clinics/north-macedonia/skopje/dental-art-569/,0,4,0%,8.25
https://www.medcover.io/clinics/spain/madrid/madrid-periodontics-implants-514/,0,4,0%,8.25
https://www.medcover.io/clinics/portugal/porto/clinica-dentaria-smile-up-trindade-533/,0,4,0%,8.5
https://www.medcover.io/clinics/czech-republic/brno/dental-hub-brno-431/,0,4,0%,8.75
https://www.medcover.io/clinics/czech-republic/prague/hair-restoration/,0,4,0%,8.75
https://www.medcover.io/clinics/turkey/ankara/doc-dr-harun-egemen-tolunay-detayl-ultrason-ayr-nt-l-ultrason-jinekolog-kad-n-dogum-uzman-ankara-91,0,4,0%,8.75
https://www.medcover.io/clinics/greece/athens/hair-clinic-216,0,4,0%,9
https://www.medcover.io/clinics/north-macedonia/skopje/smile-design-575/,0,4,0%,9.25
https://www.medcover.io/clinics/spain/madrid/vericat-implantologia-dental-inmediata-madrid-515/,0,4,0%,9.25
https://www.medcover.io/clinics/portugal/porto/ginemed-porto-clinica-de-fertilidade-reproducao-medicamente-assistida-99/,0,4,0%,9.5
https://www.medcover.io/clinics/portugal/lisbon/hair-restoration/,0,4,0%,9.75
https://www.medcover.io/clinics/portugal/lisbon/cemeare-centro-medico-de-assistencia-a-reproducao-140,0,4,0%,11
https://www.medcover.io/clinics/north-macedonia/skopje/,0,4,0%,11.75
https://www.medcover.io/clinics/spain/alicante/ferrobelab-centro-de-reproduccion-asistida-111,0,4,0%,12
https://www.medcover.io/clinics/turkey/ankara/hatay-k-r-khan-dis-teknisyeni-ankara-378/,0,4,0%,12
https://www.medcover.io/clinics/greece/athens/advanced-hair-clinics-220/,0,4,0%,12.75
https://www.medcover.io/clinics/spain/valencia/,0,4,0%,17.5
https://www.medcover.io/clinics/spain/alicante/smile-estudio-dental-348/,0,4,0%,18.25
https://www.medcover.io/guides/barcelona-ivf-guide/,0,4,0%,20
https://www.medcover.io/clinics/czech-republic/prague/perfect-clinic-291,0,4,0%,21.25
https://www.medcover.io/clinics/spain/barcelona/cra-barcelona-17,0,4,0%,21.75
https://www.medcover.io/clinics/greece/athens/serum-ivf-37/,0,4,0%,23.75
https://www.medcover.io/clinics/spain/madrid/microcapilar-hair-clinic-clinica-injerto-capilar-madrid-157/,0,4,0%,27.25
https://www.medcover.io/clinics/portugal/lisbon/implantclinic-491/,0,4,0%,28.75
https://www.medcover.io/clinics/spain/alicante/vida-fertility-alicante-clinica-de-fertilidad-y-reproduccion-asistida-22/,0,4,0%,34.5
https://www.medcover.io/clinics/spain/alicante/hifu-clinics-alicante-168,0,4,0%,40.5
https://www.medcover.io/clinics/greece/thessaloniki/ivf/,0,4,0%,40.75
https://www.medcover.io/treatments/dental/,0,4,0%,43.25
https://www.medcover.io/clinics/portugal/porto/ivf/,0,4,0%,54
https://www.medcover.io/clinics/czech-republic/brno/mamicentrum-125/,0,3,0%,2
https://www.medcover.io/clinics/spain/madrid/ceam-dental-24-hrs-506,0,3,0%,2
https://www.medcover.io/clinics/turkey/ankara/hlc-private-clinic-199/,0,3,0%,2
https://www.medcover.io/clinics/greece/athens/perio-implant-health-clinic-401/,0,3,0%,2.33
https://www.medcover.io/clinics/spain/barcelona/hair-clinic-solutions-244/,0,3,0%,2.67
https://www.medcover.io/clinics/portugal/lisbon/dorsia-287,0,3,0%,3
https://www.medcover.io/clinics/portugal/lisbon/medicapilar-transplantes-avancados-271,0,3,0%,3.67
https://www.medcover.io/clinics/czech-republic/brno/blanka-cermakova-131/,0,3,0%,4
https://www.medcover.io/clinics/greece/athens/implant-clinic-403/,0,3,0%,4
https://www.medcover.io/clinics/greece/thessaloniki/filis-john-597/,0,3,0%,4
https://www.medcover.io/clinics/spain/barcelona/wunderbar-hair-clinic-trasplante-capilar-barcelona-248,0,3,0%,4.33
https://www.medcover.io/clinics/spain/alicante/micropigmentacion-capilar-toni-stroke-alicante-182/,0,3,0%,4.67
https://www.medcover.io/clinics/spain/barcelona/clinica-keller-234,0,3,0%,4.67
https://www.medcover.io/clinics/czech-republic/brno/dental-center-vdental-432/,0,3,0%,5
https://www.medcover.io/clinics/czech-republic/brno/salon-visage-261/,0,3,0%,5
https://www.medcover.io/clinics/czech-republic/prague/otek-hair-transplant-308/,0,3,0%,5
https://www.medcover.io/clinics/czech-republic/prague/vlasy-z-turecka-transplantace-vlasu-v-turecku-306,0,3,0%,5
https://www.medcover.io/clinics/greece/thessaloniki/filis-john-597,0,3,0%,5
https://www.medcover.io/clinics/north-macedonia/skopje/aura-dental-aesthetic-clinic-568/,0,3,0%,5
https://www.medcover.io/clinics/turkey/istanbul/fertiliv-ivf-center-77,0,3,0%,5
https://www.medcover.io/clinics/czech-republic/brno/implante-capilar-252/,0,3,0%,5.33
https://www.medcover.io/clinics/czech-republic/brno/vlasova-klinika-256/,0,3,0%,5.33
https://www.medcover.io/clinics/greece/thessaloniki/smilebite-594/,0,3,0%,5.33
https://medcover.io/clinics/greece/athens/konstantinidis-dental-404/,0,3,0%,6
https://www.medcover.io/clinics/greece/thessaloniki/dental-care-clinic-598/,0,3,0%,6
https://www.medcover.io/clinics/north-macedonia/skopje/hospital-re-medika-151,0,3,0%,6
https://www.medcover.io/clinics/greece/thessaloniki/denta-587/,0,3,0%,6.33
https://www.medcover.io/clinics/north-macedonia/ivf/,0,3,0%,6.33
https://www.medcover.io/clinics/czech-republic/prague/transplantace-vlasu-v-turecku-newhair-302,0,3,0%,6.67
https://www.medcover.io/clinics/north-macedonia,0,3,0%,7
https://www.medcover.io/clinics/spain/valencia/clinica-dr-alpiste-630/,0,3,0%,7
https://www.medcover.io/clinics/spain/madrid/clinica-dental-ciro-dentista-en-madrid-511/,0,3,0%,7.33
https://www.medcover.io/clinics/spain/madrid/ivf-spain-madrid-7,0,3,0%,7.33
https://www.medcover.io/clinics/spain/valencia/medical-hair-valencia-clinica-capilar-314/,0,3,0%,7.33
https://www.medcover.io/clinics/spain/valencia/my-medica-325/,0,3,0%,7.33
https://www.medcover.io/clinics/turkey/istanbul/the-best-dental-clinic-in-turkey-dental-implants-in-turkey-all-on-6-all-on-4-zirconium-crowns-all-on-x-clinic-464/,0,3,0%,7.33
https://www.medcover.io/costs/spain-ivf-financing-2026/,0,3,0%,7.33
https://www.medcover.io/clinics/czech-republic/prague/ivf-cube-60,0,3,0%,7.67
https://www.medcover.io/clinics/czech-republic/prague/the-clinic-centrum-stomatologie-538/,0,3,0%,7.67
https://www.medcover.io/clinics/spain/valencia/instituto-fivir-clinica-de-fertilidad-y-reproduccion-asistida-en-valencia-32/,0,3,0%,7.67
https://www.medcover.io/clinics/czech-republic/prague/europe-ivf-international-ltd-62,0,3,0%,8
https://www.medcover.io/clinics/greece/athens/advanced-hair-clinics-220,0,3,0%,8
https://www.medcover.io/clinics/portugal/porto/clinica-medica-do-porto-103,0,3,0%,8
https://www.medcover.io/clinics/spain/alicante/belaneve-clinics-cirugia-plastica-y-dermatologia-en-alicante-185/,0,3,0%,8
https://www.medcover.io/clinics/spain/barcelona/remind-hair-tricologo-barcelona-245/,0,3,0%,8
https://www.medcover.io/clinics/spain/madrid/ivi-madrid-clinica-de-reproduccion-asistida-y-fertilidad-13,0,3,0%,8
https://www.medcover.io/clinics/czech-republic/prague/smille-dental-clinic-550/,0,3,0%,8.33
https://www.medcover.io/clinics/spain/alicante/sea-clinic-medicina-estetica-y-cirugia-plastica-alicante-173,0,3,0%,8.33
https://www.medcover.io/clinics/treatment/ivf/,0,3,0%,8.33
https://www.medcover.io/clinics/portugal/porto/ifaclinic-alinhadores-invisiveis-521/,0,3,0%,8.67
https://www.medcover.io/clinics/spain/barcelona/dr-ramon-pigem-trasplante-capilar-sin-rapar-241,0,3,0%,8.67
https://www.medcover.io/clinics/portugal/porto/dra-katia-fragoso-implantes-no-porto-534,0,3,0%,9
https://www.medcover.io/clinics/portugal/porto/kavi-art-clinic-clinica-dentaria-e-estetica-facial-porto-528/,0,3,0%,9
https://www.medcover.io/clinics/spain/alicante/clinica-dental-esteve-alicante-359/,0,3,0%,9
https://www.medcover.io/guides/valencia-ivf-guide/,0,3,0%,9
https://www.medcover.io/clinics/north-macedonia/skopje/-147/,0,3,0%,9.67
https://www.medcover.io/clinics/north-macedonia/skopje/dental-clinic-with-laboratory-denticija-562/,0,3,0%,9.67
https://www.medcover.io/clinics/turkey/istanbul/best-hair-transplant-istanbul-turkey-men-women-hair-restoration-turkey-fue-hair-transplant-turkey-165,0,3,0%,9.67
https://www.medcover.io/clinics/czech-republic/prague/transplantaci-vlasu-305/,0,3,0%,10
https://www.medcover.io/clinics/greece/athens/advanced-hair-clinics-227,0,3,0%,10
https://www.medcover.io/clinics/north-macedonia/skopje/zan-mitrev-clinic-134,0,3,0%,10
https://www.medcover.io/clinics/spain/barcelona/clinica-capilar-barcelona-dra-marina-garrido-237,0,3,0%,10.33
https://www.medcover.io/clinics/greece/athens/medimall-fertility-clinic-42,0,3,0%,10.67
https://www.medcover.io/clinics/spain/alicante/ivi-alicante-clinica-de-reproduccion-asistida-y-fertilidad-21/,0,3,0%,10.67
https://www.medcover.io/clinics/czech-republic/brno/el-laser-brno-260/,0,3,0%,11
https://www.medcover.io/clinics/spain/barcelona/fertty-112/,0,3,0%,13
https://www.medcover.io/clinics/spain/madrid/clinica-dental-milenium-el-corte-ingles-callao-sanitas-502/,0,3,0%,13
https://www.medcover.io/clinics/spain/barcelona/turo-park-dental-clinic-international-english-speaking-dentist-in-barcelona-411,0,3,0%,14.33
https://www.medcover.io/clinics/spain/valencia/ivi-dona-donar-ovulos-valencia-36/,0,3,0%,16.67
https://www.medcover.io/clinics/spain/madrid/vida-fertility-madrid-clinica-de-reproduccion-asistida-y-fertilidad-15/,0,3,0%,17
https://www.medcover.io/clinics/czech-republic/prague/europe-ivf-international-ltd-62/,0,3,0%,20.67
https://www.medcover.io/clinics/spain/madrid/love-fertility-clinic-8/,0,3,0%,20.67
https://www.medcover.io/clinics/spain/madrid/ginefiv-madrid-centro-una-clinica-de-ginemed-reproduccion-asistida-fertilidad-fiv-inseminacion-artificial-16,0,3,0%,23.33
https://www.medcover.io/clinics/turkey/ankara/hairline-clinic-208/,0,3,0%,24.67
https://www.medcover.io/clinics/spain/alicante/hifu-clinics-alicante-168/,0,3,0%,28
https://www.medcover.io/clinics/spain/valencia/clinica-dental-valencia-sala-moreno-609/,0,3,0%,30
https://www.medcover.io/clinics/spain/alicante/clinica-dental-crooke-alicante-335/,0,3,0%,30.33
https://www.medcover.io/clinics/spain/alicante/clinica-perio-implant-alicante-carmen-pomares-351/,0,3,0%,31.67
https://www.medcover.io/guides/athens-ivf-guide/,0,3,0%,34.33
https://www.medcover.io/clinics/spain/madrid/microcapilar-hair-clinic-clinica-injerto-capilar-madrid-157,0,3,0%,35.33
https://www.medcover.io/clinics/spain/barcelona/the-british-dental-clinic-413/,0,3,0%,38.33
https://www.medcover.io/clinics/spain/valencia/hair-be-dr-de-felipe-injerto-capilar-316,0,3,0%,42.67
https://www.medcover.io/clinics/turkey/istanbul/smile-hair-clinic-hair-transplant-turkey-istanbul-164/,0,3,0%,44
https://www.medcover.io/clinics/czech-republic/brno/klinika-reprodukcni-mediciny-a-gynekologie-reprofit-124/,0,3,0%,45
https://www.medcover.io/clinics/spain/valencia/clinica-de-reproduccio-assistida-i-fertilitatj-31/,0,3,0%,47.67
https://www.medcover.io/clinics/czech-republic/prague/fertilityport-prague-63,0,3,0%,49.67
https://www.medcover.io/clinics/spain/madrid/clinica-tambre-madrid-clinica-de-fertilidad-y-reproduccion-asistida-en-madrid-10/,0,3,0%,51.33
https://www.medcover.io/clinics/spain/barcelona/barcelona-dent-implants-i-ortodoncia-425/,0,3,0%,53.67
https://www.medcover.io/clinics/portugal/ivf,0,3,0%,54.33
https://www.medcover.io/clinics/czech-republic/prague/fertilityport-prague-63/,0,3,0%,56.67
https://www.medcover.io/clinics/spain/valencia/clinica-de-freitas-injerto-capilar-valencia-318,0,3,0%,61.33
https://www.medcover.io/clinics/turkey/dental,0,3,0%,67
https://www.medcover.io/clinics/turkey/istanbul/best-hair-transplant-istanbul-turkey-men-women-hair-restoration-turkey-fue-hair-transplant-turkey-165/,0,3,0%,68.67
https://www.medcover.io/clinics/czech-republic/prague/ferticare-clinics-prague-61,0,3,0%,69.67
https://www.medcover.io/cost/ivf-in-vitro-fertilisation/,0,3,0%,93.33
https://www.medcover.io/clinics/czech-republic/brno/hair-therapy-s-r-o-prodej-vlasu-263/,0,2,0%,1
https://www.medcover.io/clinics/portugal/lisbon/dorsia-287/,0,2,0%,1
https://www.medcover.io/clinics/spain/alicante/clinica-eva-fertilidad-y-reproduccion-asistida-23/,0,2,0%,1
https://www.medcover.io/clinics/spain/madrid/clinica-estetica-blife-madrid-159/,0,2,0%,1.5
https://www.medcover.io/clinics/portugal/porto/urgencias-dentarias-24-horas-527/,0,2,0%,2
https://www.medcover.io/clinics/turkey/?page=3,0,2,0%,2
https://www.medcover.io/clinics/turkey/ankara/gorkem-kazan-sac-ekimi-195/,0,2,0%,2
https://www.medcover.io/clinics/spain/alicante/clinicas-vogel-177/,0,2,0%,3
https://www.medcover.io/clinics/greece/thessaloniki/polyzos-dental-clinic-606/,0,2,0%,3.5
https://www.medcover.io/clinics/portugal/lisbon/five-clinic-139/,0,2,0%,3.5
https://www.medcover.io/clinics/portugal/porto/cporto-clinic-526,0,2,0%,3.5
https://www.medcover.io/clinics/greece/athens/dental-implants-athens-398/,0,2,0%,4
https://www.medcover.io/clinics/spain/barcelona/pluscapilar-estetica-235,0,2,0%,4
https://www.medcover.io/clinics/greece/athens/advanced-hair-clinics-218/,0,2,0%,4.5
https://www.medcover.io/clinics/north-macedonia/skopje/ivf/,0,2,0%,4.5
https://www.medcover.io/clinics/turkey/ankara/gorkem-kazan-sac-ekimi-195,0,2,0%,4.5
https://www.medcover.io/clinics/czech-republic/prague/formositas-klinika-esteticke-mediciny-297,0,2,0%,5
https://www.medcover.io/clinics/czech-republic/prague/premium-dental-care-557/,0,2,0%,5
https://www.medcover.io/clinics/greece/athens/,0,2,0%,5
https://www.medcover.io/clinics/portugal/lisbon/clinicas-helder-flor-137/,0,2,0%,5
https://www.medcover.io/clinics/portugal/lisbon/iad-lisbon-international-advanced-dentistry-482/,0,2,0%,5
https://www.medcover.io/clinics/spain/barcelona/hair-clinic-solutions-244,0,2,0%,5
https://www.medcover.io/clinics/spain/madrid/clinica-capilar-castellana-160,0,2,0%,5
https://www.medcover.io/clinics/czech-republic/brno/hair-transplant-clinic-dr-panno-trichologist-253,0,2,0%,5.5
https://www.medcover.io/clinics/north-macedonia/skopje/university-dental-clinical-center-567/,0,2,0%,5.5
https://www.medcover.io/clinics/portugal/lisbon/fertilitycare-portugal-141,0,2,0%,5.5
https://www.medcover.io/clinics/turkey/ankara/estetik-international-ankara-206,0,2,0%,5.5
https://www.medcover.io/clinics/portugal/porto/moc-medical-and-oral-center-524,0,2,0%,6
https://www.medcover.io/clinics/spain/alicante/clinica-capilar-imd-172/,0,2,0%,6
https://www.medcover.io/clinics/spain/madrid/madrid-dental-clinic-497/,0,2,0%,6
https://www.medcover.io/clinics/spain/valencia/clinica-dental-en-valencia-ensanche-gran-via-pradentis-dentista-dra-clara-pradel-625/,0,2,0%,6
https://www.medcover.io/clinics/turkey/ankara/dt-aysenur-tas-24-saat-acik-disci-ankara-371/,0,2,0%,6
https://www.medcover.io/clinics/turkey/ankara/hair-restoration/,0,2,0%,6
https://www.medcover.io/countries/turkey/,0,2,0%,6
https://www.medcover.io/clinics/north-macedonia/skopje/dental-care-macedonia-577/,0,2,0%,6.5
https://www.medcover.io/clinics/spain/alicante/clinica-igb-dental-alicante-implantes-dentales-alicante-clinica-dental-alicante-338/,0,2,0%,6.5
https://www.medcover.io/clinics/spain/madrid/clinica-dental-centro-madrid-clinica-velazquez-503/,0,2,0%,6.5
https://www.medcover.io/clinics/turkey/ankara/ozel-ankara-hlc-cerrahi-t-p-merkezi-197/,0,2,0%,6.5
https://www.medcover.io/clinics/greece/thessaloniki/michail-dental-office-595/,0,2,0%,7
https://www.medcover.io/clinics/north-macedonia/skopje/trend-dental-office-579/,0,2,0%,7
https://www.medcover.io/clinics/spain/barcelona/injerto-capilar-barcelona-232/,0,2,0%,7
https://www.medcover.io/clinics/spain/barcelona/hair-forever-238/,0,2,0%,7.5
https://www.medcover.io/clinics/spain/barcelona/pluscapilar-estetica-235/,0,2,0%,7.5
https://www.medcover.io/clinics/spain/valencia/dentistas-urgencias-24-horas-gomez-lacasa-clinica-dental-610/,0,2,0%,7.5
https://www.medcover.io/clinics/turkey/ankara/ankara-international-sac-ekimi-doc-dr-serdar-gokrem-205,0,2,0%,7.5
https://www.medcover.io/guides/turkey-hair-restoration-guide/,0,2,0%,7.5
https://www.medcover.io/clinics/czech-republic/brno/medicom-clinic-257/,0,2,0%,8
https://www.medcover.io/clinics/czech-republic/prague/hairexpert-transplantace-vlasu-s-dozivotni-zarukou-289,0,2,0%,8
https://www.medcover.io/clinics/czech-republic/prague/smile-centrum-vysocany-560/,0,2,0%,8
https://www.medcover.io/clinics/czech-republic/prague/trindadent-dental-clinic-559/,0,2,0%,8
https://www.medcover.io/clinics/czech-republic/prague/unica-prague-58/,0,2,0%,8
https://www.medcover.io/clinics/north-macedonia/skopje/newborn-clinic-107,0,2,0%,8
https://www.medcover.io/clinics/portugal/lisbon/medicapilar-transplantes-avancados-271/,0,2,0%,8
https://www.medcover.io/clinics/spain/alicante/instituto-bernabeu-19,0,2,0%,8
https://www.medcover.io/clinics/turkey/ankara/ankara-international-sac-ekimi-doc-dr-serdar-gokrem-205/,0,2,0%,8
https://www.medcover.io/clinics/spain/alicante/ivf-spain-18/,0,2,0%,8.5
https://www.medcover.io/clinics/greece/athens/bergmann-kord-hair-clinic-athens-223,0,2,0%,9
https://www.medcover.io/clinics/greece/thessaloniki/periodontist-implants-605,0,2,0%,9
https://www.medcover.io/clinics/north-macedonia/skopje/h-e-r-a-135/,0,2,0%,9
https://www.medcover.io/clinics/north-macedonia/skopje/hair-restoration/,0,2,0%,9
https://www.medcover.io/clinics/spain/barcelona/clinica-capilar-barcelona-dra-marina-garrido-237/,0,2,0%,9
https://www.medcover.io/clinics/spain/barcelona/montserrat-dental-clinic-421/,0,2,0%,9
https://www.medcover.io/clinics/spain/valencia/capilar-mn-328,0,2,0%,9
https://www.medcover.io/clinics/spain/valencia/my-medica-325,0,2,0%,9
https://www.medcover.io/clinics/czech-republic/brno/klinika-plasticke-a-esteticke-chirurgie-262/,0,2,0%,9.5
https://www.medcover.io/clinics/spain/barcelona/diagonal-clinic-dental-barcelona-406/,0,2,0%,9.5
https://www.medcover.io/clinics/turkey/ankara/ser-hair-center-201/,0,2,0%,9.5
https://www.medcover.io/clinics/czech-republic/brno/agentura-vetrnik-123/,0,2,0%,10
https://www.medcover.io/clinics/greece/athens/cosmetic-dental-clinic-dr-anestis-lefkopoulos-391/,0,2,0%,10
https://www.medcover.io/clinics/turkey/ankara/anatolia-tup-bebek-merkezi-ankara-tup-bebek-tup-bebek-ve-k-s-rl-k-tedavisi-88/,0,2,0%,10
https://www.medcover.io/clinics/greece/athens/life-clinic-athens-44/,0,2,0%,10.5
https://www.medcover.io/clinics/greece/thessaloniki/embryolab-fertility-clinic-50,0,2,0%,10.5
https://www.medcover.io/clinics/portugal/lisbon/ricardo-vila-nova-284/,0,2,0%,10.5
https://www.medcover.io/clinics/portugal/lisbon/implantprime-lisboa-492/,0,2,0%,11
https://www.medcover.io/clinics/portugal/porto/kavi-art-clinic-clinica-dentaria-e-estetica-facial-porto-528,0,2,0%,11
https://www.medcover.io/clinics/spain/barcelona/trasplante-capilar-sin-rapar-dra-lorena-barboza-240,0,2,0%,11
https://www.medcover.io/clinics/spain/valencia/clinica-dental-valencia-lucia-gil-raga-613/,0,2,0%,11
https://www.medcover.io/clinics/turkey/ankara/gulus-tasar-m-estetigi-dental-implant-zirkonyum-emax-lamine-370/,0,2,0%,11
https://www.medcover.io/clinics/czech-republic/brno/klinika-plasticke-a-esteticke-chirurgie-262,0,2,0%,11.5
https://www.medcover.io/clinics/spain/barcelona/clinica-capil-lar-a-barcelona-trasplantament-o-ingert-instituto-del-pelo-institut-catala-de-tricologia-231,0,2,0%,11.5
https://www.medcover.io/clinics/turkey/ankara/ivf/,0,2,0%,11.5
https://www.medcover.io/clinics/czech-republic/brno/clinical-hair-health-brno-trichologicka-poradna-258/,0,2,0%,12
https://www.medcover.io/clinics/turkey/istanbul/medspa-clinic-dental-implants-hollywood-smile-dental-clinic-in-turkey-459/,0,2,0%,12
https://www.medcover.io/clinics/portugal/lisbon/ricardo-vila-nova-284,0,2,0%,13.5
https://www.medcover.io/clinics/north-macedonia/dental/,0,2,0%,23
https://www.medcover.io/clinics/portugal/porto/oporto-boavista-clinic-523/,0,2,0%,23.5
https://www.medcover.io/clinics/czech-republic/brno/la-fue-hair-clinic-los-angeles-fue-hair-transplant-clinic-267/,0,2,0%,25.5
https://www.medcover.io/clinics/greece/athens/embio-ivf-in-greece-41,0,2,0%,26.5
https://www.medcover.io/clinics/greece/athens/ivf-athens-center-38/,0,2,0%,33
https://www.medcover.io/clinics/spain/madrid/instituto-bernabeu-madrid-14/,0,2,0%,34
https://www.medcover.io/clinics/spain/barcelona/clinica-de-fertilidad-barcelona-ivf-2/,0,2,0%,35.5
https://www.medcover.io/clinics/spain/barcelona/fertility-experts-barcelona-113/,0,2,0%,37
https://www.medcover.io/clinics/czech-republic/brno/hair-restoration/,0,2,0%,38
https://www.medcover.io/clinics/czech-republic/prague/pronatal-sanatorium-66/,0,2,0%,40.5
https://www.medcover.io/clinics/portugal/lisbon/iera-lisboa-95,0,2,0%,40.5
https://www.medcover.io/clinics/spain/barcelona/dental-spa-clinics-english-speaking-dentist-414/,0,2,0%,42
https://www.medcover.io/clinics/portugal/lisbon/medicapilar-lisboa-expo-274/,0,2,0%,45.5
https://www.medcover.io/clinics/greece/athens/serum-ivf-37,0,2,0%,50
https://www.medcover.io/guides/athens-ivf-guide,0,2,0%,50
https://www.medcover.io/clinics/spain/madrid/fertility-madrid-clinica-de-reproduccion-asistida-y-fertilidad-9/,0,2,0%,58
https://www.medcover.io/clinics/turkey/ankara/hairline-clinic-208,0,2,0%,59
https://www.medcover.io/clinics/turkey/istanbul/istanbul-dental-clinic-turkey-dentist-implant-crowns-veneers-453,0,2,0%,70
https://www.medcover.io/clinics/turkey/istanbul/ivf-treatment-in-turkey-ivf-turkey-79,0,2,0%,71.5
https://www.medcover.io/clinics/spain/alicante/ivf-spain-18,0,2,0%,73.5
https://www.medcover.io/clinics/czech-republic/prague/,0,2,0%,77
https://www.medcover.io/clinics/portugal/ivf/?page=2,0,2,0%,78.5
https://www.medcover.io/guides/turkey-dental-guide/,0,2,0%,89.5
https://www.medcover.io/countries/greece/thessaloniki/,0,2,0%,94.5
https://www.medcover.io/clinics/czech-republic/brno/unica-brno-71,0,1,0%,1
https://www.medcover.io/clinics/czech-republic/prague/formositas-klinika-esteticke-mediciny-297/,0,1,0%,1
https://www.medcover.io/clinics/greece/thessaloniki/inclusive-smiles-589/,0,1,0%,1
https://www.medcover.io/clinics/spain/alicante/clinica-dr-fabian-guardia-166,0,1,0%,1
https://www.medcover.io/clinics/spain/barcelona/clinica-dental-diente-sano-415/,0,1,0%,1
https://www.medcover.io/clinics/spain/barcelona/clinica-renace-micropigmentacion-capilar-239/,0,1,0%,1
https://www.medcover.io/clinics/spain/valencia/injerto-capilar-valencia-zira-323,0,1,0%,1
https://www.medcover.io/clinics/turkey/istanbul/soho-dental-clinic-all-on-x-dental-implant-center-472/,0,1,0%,1
https://www.medcover.io/clinics/spain/alicante/germain-clinic-178/,0,1,0%,2
https://www.medcover.io/clinics/spain/barcelona/clinica-eugin-barcelona-4,0,1,0%,2
https://www.medcover.io/clinics/spain/madrid/dr-arbelaez-clinica-de-injerto-y-medicina-capilar-156/,0,1,0%,2
https://www.medcover.io/clinics/spain/valencia/valencia-dental-clinic-drs-llinas-mora-607/,0,1,0%,2
https://www.medcover.io/cost/hair-restoration/turkey/,0,1,0%,2
https://www.medcover.io/clinics/czech-republic/prague/dental-clinic-547/,0,1,0%,3
https://www.medcover.io/clinics/portugal/lisbon/clinica-acqua-health-care-286,0,1,0%,3
https://www.medcover.io/clinics/spain/alicante/clinica-dental-caser-alicante-350/,0,1,0%,3
https://www.medcover.io/clinics/turkey/istanbul/istanbul-ivf-and-women-s-health-centers-78,0,1,0%,3
https://www.medcover.io/clinics/czech-republic/brno/sanatorium-helios-121/,0,1,0%,4
https://www.medcover.io/clinics/czech-republic/prague/stomatologicka-klinika-dsmile-556/,0,1,0%,4
https://www.medcover.io/clinics/greece/athens/hair-of-greece-225/,0,1,0%,4
https://www.medcover.io/clinics/greece/athens/konstantinidis-dental-404/,0,1,0%,4
https://www.medcover.io/clinics/north-macedonia/skopje/h-e-r-a-135,0,1,0%,4
https://www.medcover.io/clinics/spain/alicante/sea-clinic-medicina-estetica-y-cirugia-plastica-alicante-173/,0,1,0%,4
https://www.medcover.io/clinics/spain/barcelona/capilclinic-barcelona-228,0,1,0%,4
https://www.medcover.io/clinics/spain/barcelona/doria-clinic-dentista-clinica-dental-barcelona-418,0,1,0%,4
https://www.medcover.io/clinics/spain/valencia/alvarado-dental-clinic-623/,0,1,0%,4
https://www.medcover.io/clinics/spain/valencia/centro-medico-capilar-clinica-devesa-319,0,1,0%,4
https://www.medcover.io/clinics/czech-republic/brno/dental-center-vdental-432,0,1,0%,5
https://www.medcover.io/clinics/czech-republic/brno/majka-centrum-pro-tehotne-a-rodinu-126/,0,1,0%,5
https://www.medcover.io/clinics/czech-republic/prague/gho-clinic-praha-300/,0,1,0%,5
https://www.medcover.io/clinics/greece/thessaloniki/dental-care-clinic-598,0,1,0%,5
https://www.medcover.io/clinics/spain/barcelona/injerto-capilar-barcelona-232,0,1,0%,5
https://www.medcover.io/clinics/spain/madrid/clinica-capilar-castellana-160/,0,1,0%,5
https://www.medcover.io/clinics/spain/valencia/clinica-de-freitas-injerto-capilar-valencia-318/,0,1,0%,5
https://www.medcover.io/clinics/spain/valencia/insparya-clinica-salud-capilar-valencia-332/,0,1,0%,5
https://www.medcover.io/clinics/turkey/ankara/dt-alperen-ozcan-nobetci-dis-klinigi-375/,0,1,0%,5
https://www.medcover.io/clinics/turkey/ankara/egemen-gudul-hair-clinic-ankara-sac-ekim-merkezi-ankara-192/,0,1,0%,5
https://www.medcover.io/clinics/turkey/ankara/hlc-private-clinic-199,0,1,0%,5
https://www.medcover.io/clinics/czech-republic/brno/majka-centrum-pro-tehotne-a-rodinu-126,0,1,0%,6
https://www.medcover.io/clinics/greece/thessaloniki/michail-dental-office-595,0,1,0%,6
https://www.medcover.io/clinics/portugal/lisbon/wecare4you-clinic-275,0,1,0%,6
https://www.medcover.io/clinics/spain/alicante/mr-grupo-clinico-alicante-169,0,1,0%,6
https://www.medcover.io/clinics/spain/alicante/svenson-clinica-capilar-en-alicante-179/,0,1,0%,6
https://www.medcover.io/clinics/spain/barcelona/capilclinic-barcelona-228/,0,1,0%,6
https://www.medcover.io/clinics/spain/barcelona/eternal-hair-clinic-230,0,1,0%,6
https://www.medcover.io/clinics/spain/barcelona/implantarex-clinica-de-implantes-dentales-en-barcelona-427,0,1,0%,6
https://www.medcover.io/clinics/spain/barcelona/medical-hair-barcelona-clinica-capilar-233,0,1,0%,6
https://www.medcover.io/clinics/spain/valencia/dental-medica-clinica-dental-en-ruzafa-620/,0,1,0%,6
https://www.medcover.io/clinics/spain/valencia/idim-instituto-de-implantologia-dental-implantes-dentales-en-valencia-627/,0,1,0%,6
https://www.medcover.io/clinics/czech-republic/brno/cenessto-s-r-o-440/,0,1,0%,7
https://www.medcover.io/clinics/czech-republic/brno/vlasova-klinika-256,0,1,0%,7
https://www.medcover.io/clinics/czech-republic/prague/panacea-clinic-294,0,1,0%,7
https://www.medcover.io/clinics/north-macedonia/skopje/ivf-mon-bebe-108,0,1,0%,7
https://www.medcover.io/clinics/north-macedonia/skopje/mediana-dental-581/,0,1,0%,7
https://www.medcover.io/clinics/portugal/lisbon/gsd-dental-clinics-475/,0,1,0%,7
https://www.medcover.io/clinics/spain/alicante/unidad-de-reproduccion-asistida-clinica-vistahermosa-26/,0,1,0%,7
https://www.medcover.io/clinics/spain/alicante/vida-fertility-alicante-clinica-de-fertilidad-y-reproduccion-asistida-22,0,1,0%,7
https://www.medcover.io/clinics/spain/barcelona/clinica-implantologica-en-barcelona-ahoa-423/,0,1,0%,7
https://www.medcover.io/clinics/turkey,0,1,0%,7
https://www.medcover.io/clinics/turkey/ankara/gurgan-clinic-women-s-health-and-ivf-center-ankara-92/,0,1,0%,7
https://www.medcover.io/guides/turkey/ankara-ivf-guide/,0,1,0%,7
https://www.medcover.io/clinics/czech-republic/brno/dentart-brno-ltd-438/,0,1,0%,8
https://www.medcover.io/clinics/czech-republic/brno/hair-transplant-clinic-dr-panno-trichologist-253/,0,1,0%,8
https://www.medcover.io/clinics/czech-republic/brno/transplantace-vlasu-v-italii-klinika-aramedica-264/,0,1,0%,8
https://www.medcover.io/clinics/greece/thessaloniki/safembryo-55/,0,1,0%,8
https://www.medcover.io/clinics/north-macedonia/skopje/zan-mitrev-stomatoloshki-centar-563/,0,1,0%,8
https://www.medcover.io/clinics/spain/alicante/belaneve-clinics-cirugia-plastica-y-dermatologia-en-alicante-185,0,1,0%,8
https://www.medcover.io/clinics/spain/barcelona/clinica-dental-claris-eixample-ortodoncia-invisible-410/,0,1,0%,8
https://www.medcover.io/clinics/spain/madrid/bordonclinic-dental-clinic-in-madrid-495/,0,1,0%,8
https://www.medcover.io/clinics/spain/madrid/capilae-158,0,1,0%,8
https://www.medcover.io/clinics/spain/valencia/hair-restoration/,0,1,0%,8
https://www.medcover.io/clinics/turkey/ankara/forest-klinik-estetik-sac-ekimi-lazer-epilasyon-190/,0,1,0%,8
https://www.medcover.io/clinics/turkey/istanbul/dentfix-dental-clinic-in-istanbul-turkey-465/,0,1,0%,8
https://www.medcover.io/clinics/turkey/istanbul/dr-feras-clinics-457/,0,1,0%,8
https://www.medcover.io/guides/ankara-ivf-guide/,0,1,0%,8
https://www.medcover.io/clinics/czech-republic/brno/reprofit-international-brno-69,0,1,0%,9
https://www.medcover.io/clinics/czech-republic/prague/dbclinic-548/,0,1,0%,9
https://www.medcover.io/clinics/greece/thessaloniki/endo-dental-centre-596/,0,1,0%,9
https://www.medcover.io/clinics/spain/barcelona/the-practice-barcelona-english-speaking-dental-clinic-408/,0,1,0%,9
https://www.medcover.io/clinics/spain/madrid/clinica-artdental-madrid-dra-arancha-broncano-508,0,1,0%,9
https://www.medcover.io/clinics/spain/valencia/clinica-dental-perios-salanova-valencia-629/,0,1,0%,9
https://www.medcover.io/clinics/turkey/ankara/dentgen-ankara-cankaya-dis-klinigi-366/,0,1,0%,9
https://www.medcover.io/countries/portugal/porto/,0,1,0%,9
https://www.medcover.io/countries/spain/,0,1,0%,9
https://www.medcover.io/clinics/czech-republic/brno/unica-brno-71/,0,1,0%,10
https://www.medcover.io/clinics/czech-republic/prague/transplantace-vlasu-praha-phaeyde-clinic-288,0,1,0%,10
https://www.medcover.io/clinics/czech-republic/prague/trindadent-dental-clinic-559,0,1,0%,10
https://www.medcover.io/clinics/greece/athens/antoniou-dental-care-402/,0,1,0%,10
https://www.medcover.io/clinics/greece/athens/bergmann-kord-hair-clinic-athens-223/,0,1,0%,10
https://www.medcover.io/clinics/greece/athens/embio-ivf-in-greece-41/,0,1,0%,10
https://www.medcover.io/clinics/spain/barcelona/eternal-hair-clinic-230/,0,1,0%,10
https://www.medcover.io/clinics/spain/madrid/ceam-dental-24-hrs-506/,0,1,0%,10
https://www.medcover.io/clinics/spain/valencia/ivf/,0,1,0%,10
https://www.medcover.io/clinics/turkey/istanbul/dental-implants-turkey-smiley-clinic-471/,0,1,0%,10
https://www.medcover.io/clinics/czech-republic/brno/implante-capilar-252,0,1,0%,11
https://www.medcover.io/clinics/greece/athens/hair-transplant-clinic-md-phd-212/,0,1,0%,11
https://www.medcover.io/clinics/spain/alicante/clinica-accuna-110/,0,1,0%,11
https://www.medcover.io/clinics/spain/alicante/medical-hair-benidorm-clinica-capilar-184,0,1,0%,11
https://www.medcover.io/clinics/spain/barcelona/clinica-eva-fertilidad-y-reproduccion-asistida-120/,0,1,0%,11
https://www.medcover.io/clinics/spain/madrid/dr-arbelaez-clinica-de-injerto-y-medicina-capilar-156,0,1,0%,11
https://www.medcover.io/clinics/turkey/ankara/data-hair-clinic-eyyup-tutuncu-sac-ekim-merkezi-204,0,1,0%,11
https://www.medcover.io/clinics/turkey/hair-restoration/,0,1,0%,11
https://www.medcover.io/clinics/turkey/istanbul/dr-mehmet-koc-ivf-clinic-tup-bebek-merkezi-ivf-center-81,0,1,0%,11
https://www.medcover.io/guides/brno-ivf-guide/,0,1,0%,11
https://www.medcover.io/clinics/czech-republic/prague/transplantaci-vlasu-305,0,1,0%,12
https://www.medcover.io/clinics/greece/athens/lp-clinic-222/,0,1,0%,12
https://www.medcover.io/clinics/spain/alicante/heal-and-hair-capilar-183/,0,1,0%,12
https://www.medcover.io/clinics/spain/barcelona/clinica-dental-peyri-clinica-dental-de-urgencias-en-barcelona-409/,0,1,0%,12
https://www.medcover.io/clinics/spain/madrid/capilclinic-154/,0,1,0%,12
https://www.medcover.io/clinics/turkey/ankara/dr-ozgur-oztan-198,0,1,0%,12
https://www.medcover.io/clinics/greece/thessaloniki/ivf-dr-49,0,1,0%,13
https://www.medcover.io/clinics/spain/alicante/unidad-de-reproduccion-asistida-clinica-vistahermosa-26,0,1,0%,13
https://www.medcover.io/clinics/turkey/ankara/ozel-phr-poliklinigi-207,0,1,0%,13
https://www.medcover.io/clinics/czech-republic/prague/gennet-prague-1-64,0,1,0%,14
https://www.medcover.io/clinics/turkey/istanbul/,0,1,0%,14
https://www.medcover.io/clinics/turkey/istanbul/istanbul-ivf-and-women-s-health-centers-78/,0,1,0%,15
https://www.medcover.io/clinics/greece/thessaloniki/dr-tolidis-tsimiski-thessaloniki-downtown-591,0,1,0%,18
https://www.medcover.io/clinics/spain/alicante/ivi-alicante-clinica-de-reproduccion-asistida-y-fertilidad-21,0,1,0%,20
https://www.medcover.io/clinics/greece/athens/hairclinic-athens-210/,0,1,0%,21
https://www.medcover.io/clinics/portugal/lisbon/cemeare-centro-medico-de-assistencia-a-reproducao-140/,0,1,0%,22
https://www.medcover.io/clinics/spain/valencia/dr-gutierrez-juan-llorens-clinica-dental-valencia-619/,0,1,0%,24
https://www.medcover.io/cities/spain/valencia/,0,1,0%,27
https://medcover.io/clinics/czech-republic/,0,1,0%,36
https://www.medcover.io/clinics/spain/valencia/clinica-de-reproduccio-assistida-i-fertilitatj-31,0,1,0%,40
https://www.medcover.io/clinics/czech-republic/prague/gynem-ivf-fertility-clinic-klinika-asistovane-reprodukce-59,0,1,0%,41
https://www.medcover.io/clinics/greece/thessaloniki/iakentro-ivf-53,0,1,0%,44
https://www.medcover.io/clinics/portugal/lisbon/central-clinic-487/,0,1,0%,44
https://www.medcover.io/clinics/spain/valencia/ivi-dona-donar-ovulos-valencia-36,0,1,0%,46
https://www.medcover.io/clinics/turkey/ivf/,0,1,0%,46
https://www.medcover.io/clinics/czech-republic/brno/ivf-clinic-reprogenesis-70/,0,1,0%,49
https://www.medcover.io/clinics/spain/barcelona/fertilab-barcelona-118,0,1,0%,49
https://www.medcover.io/clinics/spain/valencia/midsa-odontologia-clinica-dental-en-valencia-624/,0,1,0%,60
https://www.medcover.io/cost/ivf-in-vitro-fertilisation/spain/,0,1,0%,63
https://www.medcover.io/guides/spain/barcelona-hair-restoration-guide/,0,1,0%,64
https://www.medcover.io/clinics/spain/barcelona/medical-hair-barcelona-clinica-capilar-233/,0,1,0%,67
https://www.medcover.io/clinics/spain/madrid/,0,1,0%,68
https://www.medcover.io/countries/north-macedonia/,0,1,0%,72
https://www.medcover.io/clinics/spain/alicante/clinica-dental-benalua-tu-sonrisa-saludable-en-alicante-349/,0,1,0%,73
https://www.medcover.io/clinics/greece/athens/ivf-athens-center-38,0,1,0%,75
https://www.medcover.io/clinics/greece/thessaloniki/embryoclinic-ivf-greece-47,0,1,0%,76
https://www.medcover.io/clinics/turkey/,0,1,0%,78
https://www.medcover.io/cost/ivf/turkey/,0,1,0%,79
https://www.medcover.io/clinics/spain/alicante/gutierrez-clinic-clinica-de-medicina-estetica-en-alicante-175,0,1,0%,80
https://www.medcover.io/clinics/portugal/lisbon/five-clinic-139,0,1,0%,85
https://www.medcover.io/clinics/turkey/istanbul/orient-dental-clinic-452/,0,1,0%,89
https://www.medcover.io/clinics/spain/valencia/crea-centro-medico-de-fertilidad-y-reproduccion-asistida-35,0,1,0%,90
https://www.medcover.io/cost/ivf/,0,1,0%,95
https://www.medcover.io/treatments/hair-restoration/,0,1,0%,97
https://www.medcover.io/clinics/turkey/istanbul/hair-restoration/,0,1,0%,100